time,place,city,good
1.0,3.178884509507071,4.333333333333333,4.0
10.666286477951635,11.990838075118809,12.334163726419861,15.0
1.0,9.481673235739397,10.954164662142627,7.40972556309562
2.0,,6.000000000000001,7.1099605855636305
