time,place,city,good
1.0,3.167877248468225,4.333333333333333,4.0
10.666286477951635,12.000225102185746,12.334163726419861,15.0
1.0,9.498184127297662,11.0,7.333333333333333
2.0,,6.0,7.0
