time,place,city,good
1.0,3.1787268761195233,4.335649813201194,4.0
10.666359594840522,12.005723032900281,12.345086470960045,15.0
1.0,9.481909685820714,10.954164662142627,7.40972556309562
2.0,,6.000000000000001,7.1099605855636305
