time,place,city,good
1.0,3.173367086340572,4.335649813201194,4.0
10.666359594840522,12.002729721787034,12.345086470960045,15.0
1.0,9.489949370489143,10.979898740978285,7.366835431702858
2.0,,6.000000000000001,7.1099605855636305
