time,place,city,good
1.0,3.1819451126191245,4.333333333333333,4.0
10.666286477951635,12.011988662011852,12.334163726419861,15.0
1.0,9.477082331071314,10.954164662142627,7.40972556309562
2.0,,6.0,7.0
