time,place,city,good
1.0,3.179748329203017,4.335649813201194,4.0
10.666359594840522,11.986052888562591,12.345086470960045,15.0
1.0,9.480377506195474,10.979898740978285,7.366835431702858
2.0,,6.0,7.117734962827154
