time,place,city,good
1.0,3.166666666666666,4.333333333333333,4.0
10.666666666666666,12.0,12.333333333333332,15.0
1.0,9.5,11.0,7.333333333333333
2.0,,6.0,7.0
