time,place,city,good
1.0,3.1678249066005963,4.335649813201194,4.0
10.666286477951635,12.021403323530935,12.334163726419861,15.0
1.0,9.498262640099107,10.954164662142627,7.40972556309562
2.0,,6.000000000000001,7.1099605855636305
