entity,screen_type,supported_aspect_ratio,response_time(ms),screen_size_diagonal,day
22.0,LCD Monitor,5:04,5.1168913622000005,100.00,1.0
25.0,LCD Monitor,16:10,3.8464819678000004,100.00,0.8
27.0,LCD Monitor,16:09,4.915823425,100.00,1.0
28.000000000000004,LCD,16:09,3.9612625070000007,100.00,0.8
193.0,IPS,16:10,4.1850468914,100.00,0.8
