entity,screen_type,supported_aspect_ratio,response_time(ms),screen_size_diagonal,day
22.000000000000004,LCD Monitor,5:04,5.11151937413394,100.00,1.0
25.0,LCD Monitor,16:10,3.854678101230877,100.00,0.8017153606495516
27.0,LCD Monitor,16:09,4.915414671089224,100.00,1.0
28.000000000000004,LCD,16:09,4.0396669301347785,100.00,0.8165428109952195
193.00000000000003,IPS,16:10,4.269274585955549,100.00,0.8165428109952195
