entity,screen_type,supported_aspect_ratio,response_time(ms),screen_size_diagonal,day
22.0,LCD Monitor,5:04,5.11142435706758,100.00,1.0
25.000000000000004,LCD Monitor,16:10,3.864013484083172,100.00,0.8037591981438363
26.999999999999996,LCD Monitor,16:09,4.915220998753315,100.00,1.0
28.0,LCD,16:09,4.028344880920509,100.00,0.8139198172726362
193.0,IPS,16:10,4.2554433243867065,100.00,0.8139198172726362
